{"cameraMode":{"drawMode":0,"name":"Shaded","section":"Shading Mode"},"sceneLighting":true,"audioPlay":false,"sceneViewState":{"m_AlwaysRefresh":false,"showFog":true,"showSkybox":true,"showFlares":true,"showImageEffects":true,"showParticleSystems":true,"showVisualEffectGraphs":true,"m_FxEnabled":true},"in2DMode":false,"pivot":{"x":0.07127809524536133,"y":2.080018997192383,"z":162.38058471679688},"rotation":{"x":-0.013276909478008747,"y":0.6749169230461121,"z":-0.012152821756899357,"w":-0.7377015948295593},"size":7.109030246734619,"orthographic":true}