{"cameraMode":{"drawMode":0,"name":"Shaded","section":"Shading Mode"},"sceneLighting":true,"audioPlay":false,"sceneViewState":{"m_AlwaysRefresh":false,"showFog":true,"showSkybox":true,"showFlares":true,"showImageEffects":true,"showParticleSystems":true,"showVisualEffectGraphs":true,"m_FxEnabled":true},"in2DMode":false,"pivot":{"x":-2.4868147373199465,"y":1.7857120037078858,"z":71.95535278320313},"rotation":{"x":-0.12947474420070649,"y":0.7079055309295654,"z":-0.13452915847301484,"w":-0.6812307834625244},"size":0.9897152781486511,"orthographic":false}